{
"rows":[
{"CustomerID":"ALFKI","CompanyName":"Alfreds Futterkiste","Phone":"030-0074321","PostalCode":"12209","City":"Berlin"},
{"CustomerID":"ANATR","CompanyName":"Ana Trujillo Emparedados y helados","Phone":"(5) 555-4729","PostalCode":"050216","City":"M\u00e9xico D.F."},
{"CustomerID":"BLAUS","CompanyName":"Blauer See Delikatessen -U","Phone":"0621-084608","PostalCode":"68306","City":"Mannheim"},
{"CustomerID":"BONAP","CompanyName":"Bon app'","Phone":"91.24.45.40","PostalCode":"13008","City":"Marseille777"},
{"CustomerID":"CACTU","CompanyName":"Cactus Comidas para llevar","Phone":"(1) 135-5555","PostalCode":"1010","City":"Buenos Aires"},
{"CustomerID":"CENTC","CompanyName":"Centro comercial Moctezuma","Phone":"(5) 555-3392","PostalCode":"05022","City":"M\u00e9xico D.F."},
{"CustomerID":"CHOPS","CompanyName":"Chop-suey Chinese","Phone":"0452-076545","PostalCode":"3012","City":"Bern"},
{"CustomerID":"COMMI","CompanyName":"Com\u00e9rcio Mineiro","Phone":"(11) 555-7647","PostalCode":"05432-043","City":"S\u00e3o Paulo"},
{"CustomerID":"CONSH","CompanyName":"Consolidated Holdings","Phone":"(171) 555-2282","PostalCode":"WX1 6LT","City":"London"},
{"CustomerID":"DRACD","CompanyName":"Drachenblut Delikatessen","Phone":"0241-039123","PostalCode":"52066","City":"Aachen"},
{"CustomerID":"DUMON","CompanyName":"Du monde entier","Phone":"40.67.88.88","PostalCode":"44000","City":"Nantes"},
{"CustomerID":"EASTC","CompanyName":"Eastern Connection","Phone":"(171) 555-0297","PostalCode":"WX3 6FW","City":"London"},
{"CustomerID":"ERNSH","CompanyName":"Ernst Handel","Phone":"7675-3425","PostalCode":"8010","City":"Graz"},
{"CustomerID":"FAMIA","CompanyName":"Familia Arquibaldo","Phone":"(11) 555-9857","PostalCode":"05442-030","City":"S\u00e3o Paulo"},
{"CustomerID":"FISSA","CompanyName":"FISSA Fabrica Inter. Salchichas S.A.","Phone":"(91) 555 94 44","PostalCode":"28034","City":"Madrid"},
{"CustomerID":"FOLIG","CompanyName":"Folies gourmandes","Phone":"20.16.10.16","PostalCode":"59000","City":"Lille"},
{"CustomerID":"FOLKO","CompanyName":"Folk och f\u00e4 HB","Phone":"0695-34 67 21","PostalCode":"S-844 67","City":"Br\u00e4cke"},
{"CustomerID":"FRANK","CompanyName":"Frankenversand","Phone":"089-0877310","PostalCode":"80805","City":"M\u00fcnchen"},
{"CustomerID":"FRANR","CompanyName":"France restauration","Phone":"40.32.21.21","PostalCode":"44000","City":"Nantes"},
{"CustomerID":"FRANS","CompanyName":"Franchi S.p.A.","Phone":"011-4988260","PostalCode":"10100","City":"Torino"},
{"CustomerID":"FURIB","CompanyName":"Furia Bacalhau e Frutos do Mar","Phone":"(1) 354-2534","PostalCode":"1675","City":"Lisboa"},
{"CustomerID":"GALED","CompanyName":"Galer\u00eda del gastr\u00f3nomo","Phone":"(93) 203 4560","PostalCode":"08022","City":"Barcelona"},
{"CustomerID":"GODOS","CompanyName":"Godos Cocina T\u00edpica","Phone":"(95) 555 82 82","PostalCode":"41101","City":"Sevilla"},
{"CustomerID":"GOURL","CompanyName":"Gourmet Lanchonetes","Phone":"(11) 555-9482","PostalCode":"04876-786","City":"Campinas"},
{"CustomerID":"GREAL","CompanyName":"Great Lakes Food Market","Phone":"(503) 555-7555","PostalCode":"97403","City":"Eugene"},
{"CustomerID":"GROSR","CompanyName":"GROSELLA-Restaurante","Phone":"(2) 283-2951","PostalCode":"1081","City":"Caracas"},
{"CustomerID":"HANAR","CompanyName":"Hanari Carnes","Phone":"(21) 555-0091","PostalCode":"05454-876","City":"Rio de Janeiro"},
{"CustomerID":"hh","CompanyName":"h","Phone":"h","PostalCode":"h","City":"h"},
{"CustomerID":"HILAA","CompanyName":"HILARI\u00d3N-Abastos","Phone":"(5) 555-1340","PostalCode":"5022","City":"San Crist\u00f3bal"},
{"CustomerID":"HUNGC","CompanyName":"Hungry Coyote Import Store","Phone":"(503) 555-6874","PostalCode":"97827","City":"Elgin"}
]
}